CASENUM,STRATUM,STRATUMNAME,REGION,REGIONNAME,URBANICITY,URBANICITYNAME,NUM_INJ,NUM_INJNAME,MONTH,MONTHNAME,YEAR,DAY_WEEK,DAY_WEEKNAME,HOUR,HOURNAME,MINUTE,MINUTENAME,HARM_EV,HARM_EVNAME,ALCOHOL,ALCOHOLNAME,LGT_COND,LGT_CONDNAME,INT_HWY,INT_HWYNAME,WEATHER,WEATHERNAME,WKDY_IM,WKDY_IMNAME,LGTCON_IM,LGTCON_IMNAME,WEATHR_IMNAME, 
202002172350,8,Stratum 8 - NLMY PV Minor Injury,2,"Midwest (OH, IN, IL, MI, WI, MN, ND, SD, NE, IA, MO, KS)",1,Urban Area,1,1,1,January,2020,1,Sunday,17,5:00pm-5:59pm,48,48,12,Motor Vehicle In-Transport,9,Reported as Unknown,3,Dark - Lighted,0,No,1,Clear,1,Sunday,3,Dark - Lighted,Clear,
202002172360,2,Stratum 2 - Not a MV Occupant Any Injury,2,"Midwest (OH, IN, IL, MI, WI, MN, ND, SD, NE, IA, MO, KS)",1,Urban Area,1,1,1,January,2020,4,Wednesday,21,9:00pm-9:59pm,36,36,8,Pedestrian,9,Reported as Unknown,3,Dark - Lighted,0,No,10,Cloudy,4,Wednesday,3,Dark - Lighted,Cloudy,
202002172362,10,Stratum 10 - Other,2,"Midwest (OH, IN, IL, MI, WI, MN, ND, SD, NE, IA, MO, KS)",1,Urban Area,0,No Person Injured/Property Damage Only Crash,1,January,2020,6,Friday,0,0:00am-0:59am,23,23,42,Tree (Standing Only),1,Alcohol Involved,3,Dark - Lighted,0,No,1,Clear,6,Friday,3,Dark - Lighted,Clear,
202002172373,9,Stratum 9 - LMY PV No Injuries in Crash,2,"Midwest (OH, IN, IL, MI, WI, MN, ND, SD, NE, IA, MO, KS)",1,Urban Area,0,No Person Injured/Property Damage Only Crash,1,January,2020,6,Friday,8,8:00am-8:59am,22,22,12,Motor Vehicle In-Transport,9,Reported as Unknown,1,Daylight,0,No,10,Cloudy,6,Friday,1,Daylight,Cloudy,
202002172387,9,Stratum 9 - LMY PV No Injuries in Crash,2,"Midwest (OH, IN, IL, MI, WI, MN, ND, SD, NE, IA, MO, KS)",1,Urban Area,0,No Person Injured/Property Damage Only Crash,1,January,2020,5,Thursday,17,5:00pm-5:59pm,25,25,12,Motor Vehicle In-Transport,9,Reported as Unknown,1,Daylight,1,Yes,1,Clear,5,Thursday,1,Daylight,Clear,
202002172463,5,Stratum 5 - NLMY PV Serious Injury,2,"Midwest (OH, IN, IL, MI, WI, MN, ND, SD, NE, IA, MO, KS)",1,Urban Area,2,2,1,January,2020,1,Sunday,1,1:00am-1:59am,49,49,42,Tree (Standing Only),1,Alcohol Involved,3,Dark - Lighted,0,No,1,Clear,1,Sunday,3,Dark - Lighted,Clear,
202002172472,8,Stratum 8 - NLMY PV Minor Injury,2,"Midwest (OH, IN, IL, MI, WI, MN, ND, SD, NE, IA, MO, KS)",1,Urban Area,2,2,1,January,2020,6,Friday,13,1:00pm-1:59pm,47,47,12,Motor Vehicle In-Transport,9,Reported as Unknown,1,Daylight,0,No,10,Cloudy,6,Friday,1,Daylight,Cloudy,
202002172487,10,Stratum 10 - Other,2,"Midwest (OH, IN, IL, MI, WI, MN, ND, SD, NE, IA, MO, KS)",1,Urban Area,0,No Person Injured/Property Damage Only Crash,1,January,2020,7,Saturday,0,0:00am-0:59am,45,45,12,Motor Vehicle In-Transport,9,Reported as Unknown,3,Dark - Lighted,0,No,12,Freezing Rain or Drizzle,7,Saturday,3,Dark - Lighted,Freezing Rain or Drizzle,
202002172490,6,Stratum 6 - LMY PV Minor Injury,2,"Midwest (OH, IN, IL, MI, WI, MN, ND, SD, NE, IA, MO, KS)",1,Urban Area,1,1,1,January,2020,1,Sunday,4,4:00am-4:59am,8,8,30,Utility Pole/Light Support,9,Reported as Unknown,3,Dark - Lighted,0,No,1,Clear,1,Sunday,3,Dark - Lighted,Clear,
202002172530,9,Stratum 9 - LMY PV No Injuries in Crash,2,"Midwest (OH, IN, IL, MI, WI, MN, ND, SD, NE, IA, MO, KS)",1,Urban Area,0,No Person Injured/Property Damage Only Crash,1,January,2020,1,Sunday,9,9:00am-9:59am,26,26,12,Motor Vehicle In-Transport,9,Reported as Unknown,1,Daylight,0,No,10,Cloudy,1,Sunday,1,Daylight,Cloudy,
202002172599,10,Stratum 10 - Other,2,"Midwest (OH, IN, IL, MI, WI, MN, ND, SD, NE, IA, MO, KS)",1,Urban Area,0,No Person Injured/Property Damage Only Crash,1,January,2020,5,Thursday,19,7:00pm-7:59pm,56,56,12,Motor Vehicle In-Transport,9,Reported as Unknown,3,Dark - Lighted,0,No,1,Clear,5,Thursday,3,Dark - Lighted,Clear,
202002172608,9,Stratum 9 - LMY PV No Injuries in Crash,2,"Midwest (OH, IN, IL, MI, WI, MN, ND, SD, NE, IA, MO, KS)",1,Urban Area,0,No Person Injured/Property Damage Only Crash,1,January,2020,2,Monday,9,9:00am-9:59am,45,45,12,Motor Vehicle In-Transport,9,Reported as Unknown,1,Daylight,0,No,1,Clear,2,Monday,1,Daylight,Clear,
202002172610,10,Stratum 10 - Other,2,"Midwest (OH, IN, IL, MI, WI, MN, ND, SD, NE, IA, MO, KS)",2,Rural Area,0,No Person Injured/Property Damage Only Crash,1,January,2020,6,Friday,9,9:00am-9:59am,46,46,12,Motor Vehicle In-Transport,9,Reported as Unknown,1,Daylight,0,No,2,Rain,6,Friday,1,Daylight,Rain,
202002172619,10,Stratum 10 - Other,2,"Midwest (OH, IN, IL, MI, WI, MN, ND, SD, NE, IA, MO, KS)",2,Rural Area,0,No Person Injured/Property Damage Only Crash,1,January,2020,3,Tuesday,5,5:00am-5:59am,22,22,11,Live Animal,9,Reported as Unknown,2,Dark - Not Lighted,0,No,10,Cloudy,3,Tuesday,2,Dark - Not Lighted,Cloudy,
202002172625,10,Stratum 10 - Other,2,"Midwest (OH, IN, IL, MI, WI, MN, ND, SD, NE, IA, MO, KS)",2,Rural Area,0,No Person Injured/Property Damage Only Crash,1,January,2020,7,Saturday,11,11:00am-11:59am,41,41,34,Ditch,9,Reported as Unknown,1,Daylight,0,No,2,Rain,7,Saturday,1,Daylight,Rain,
202002172628,8,Stratum 8 - NLMY PV Minor Injury,2,"Midwest (OH, IN, IL, MI, WI, MN, ND, SD, NE, IA, MO, KS)",2,Rural Area,1,1,1,January,2020,2,Monday,19,7:00pm-7:59pm,12,12,1,Rollover/Overturn,9,Reported as Unknown,2,Dark - Not Lighted,0,No,1,Clear,2,Monday,2,Dark - Not Lighted,Clear,
202002172631,7,Stratum 7 - M/H Truck or Bus,2,"Midwest (OH, IN, IL, MI, WI, MN, ND, SD, NE, IA, MO, KS)",2,Rural Area,0,No Person Injured/Property Damage Only Crash,1,January,2020,6,Friday,18,6:00pm-6:59pm,29,29,34,Ditch,1,Alcohol Involved,2,Dark - Not Lighted,0,No,2,Rain,6,Friday,2,Dark - Not Lighted,Rain,
202002172633,10,Stratum 10 - Other,2,"Midwest (OH, IN, IL, MI, WI, MN, ND, SD, NE, IA, MO, KS)",2,Rural Area,0,No Person Injured/Property Damage Only Crash,1,January,2020,2,Monday,20,8:00pm-8:59pm,25,25,24,Guardrail Face,9,Reported as Unknown,2,Dark - Not Lighted,0,No,1,Clear,2,Monday,2,Dark - Not Lighted,Clear,
202002172639,6,Stratum 6 - LMY PV Minor Injury,2,"Midwest (OH, IN, IL, MI, WI, MN, ND, SD, NE, IA, MO, KS)",2,Rural Area,2,2,1,January,2020,2,Monday,8,8:00am-8:59am,35,35,12,Motor Vehicle In-Transport,9,Reported as Unknown,1,Daylight,0,No,10,Cloudy,2,Monday,1,Daylight,Cloudy,
202002172645,10,Stratum 10 - Other,2,"Midwest (OH, IN, IL, MI, WI, MN, ND, SD, NE, IA, MO, KS)",2,Rural Area,0,No Person Injured/Property Damage Only Crash,1,January,2020,3,Tuesday,18,6:00pm-6:59pm,30,30,11,Live Animal,9,Reported as Unknown,2,Dark - Not Lighted,0,No,1,Clear,3,Tuesday,2,Dark - Not Lighted,Clear,
202002172647,8,Stratum 8 - NLMY PV Minor Injury,2,"Midwest (OH, IN, IL, MI, WI, MN, ND, SD, NE, IA, MO, KS)",2,Rural Area,1,1,1,January,2020,3,Tuesday,17,5:00pm-5:59pm,15,15,12,Motor Vehicle In-Transport,9,Reported as Unknown,1,Daylight,0,No,1,Clear,3,Tuesday,1,Daylight,Clear,
202002172649,9,Stratum 9 - LMY PV No Injuries in Crash,2,"Midwest (OH, IN, IL, MI, WI, MN, ND, SD, NE, IA, MO, KS)",2,Rural Area,0,No Person Injured/Property Damage Only Crash,1,January,2020,4,Wednesday,12,12:00pm-12:59pm,28,28,12,Motor Vehicle In-Transport,9,Reported as Unknown,1,Daylight,0,No,10,Cloudy,4,Wednesday,1,Daylight,Cloudy,
202002172657,10,Stratum 10 - Other,2,"Midwest (OH, IN, IL, MI, WI, MN, ND, SD, NE, IA, MO, KS)",2,Rural Area,0,No Person Injured/Property Damage Only Crash,1,January,2020,4,Wednesday,15,3:00pm-3:59pm,0,0,12,Motor Vehicle In-Transport,9,Reported as Unknown,1,Daylight,0,No,10,Cloudy,4,Wednesday,1,Daylight,Cloudy,
202002172661,6,Stratum 6 - LMY PV Minor Injury,2,"Midwest (OH, IN, IL, MI, WI, MN, ND, SD, NE, IA, MO, KS)",2,Rural Area,2,2,1,January,2020,6,Friday,12,12:00pm-12:59pm,50,50,12,Motor Vehicle In-Transport,9,Reported as Unknown,1,Daylight,0,No,10,Cloudy,6,Friday,1,Daylight,Cloudy,
202002172663,5,Stratum 5 - NLMY PV Serious Injury,2,"Midwest (OH, IN, IL, MI, WI, MN, ND, SD, NE, IA, MO, KS)",2,Rural Area,1,1,1,January,2020,5,Thursday,14,2:00pm-2:59pm,34,34,19,Building,1,Alcohol Involved,1,Daylight,0,No,1,Clear,5,Thursday,1,Daylight,Clear,
202002172666,10,Stratum 10 - Other,2,"Midwest (OH, IN, IL, MI, WI, MN, ND, SD, NE, IA, MO, KS)",2,Rural Area,0,No Person Injured/Property Damage Only Crash,1,January,2020,7,Saturday,0,0:00am-0:59am,4,4,30,Utility Pole/Light Support,9,Reported as Unknown,3,Dark - Lighted,0,No,4,Snow,7,Saturday,3,Dark - Lighted,Snow,
202002172672,9,Stratum 9 - LMY PV No Injuries in Crash,2,"Midwest (OH, IN, IL, MI, WI, MN, ND, SD, NE, IA, MO, KS)",2,Rural Area,0,No Person Injured/Property Damage Only Crash,1,January,2020,7,Saturday,8,8:00am-8:59am,40,40,34,Ditch,9,Reported as Unknown,1,Daylight,0,No,10,Cloudy,7,Saturday,1,Daylight,Cloudy,
202002172675,10,Stratum 10 - Other,2,"Midwest (OH, IN, IL, MI, WI, MN, ND, SD, NE, IA, MO, KS)",2,Rural Area,99,All Persons in Crash are Unknown If Injured,1,January,2020,7,Saturday,1,1:00am-1:59am,0,0,14,Parked Motor Vehicle,9,Reported as Unknown,8,Not Reported,0,No,98,Not Reported,7,Saturday,2,Dark - Not Lighted,Snow,
202002172679,9,Stratum 9 - LMY PV No Injuries in Crash,2,"Midwest (OH, IN, IL, MI, WI, MN, ND, SD, NE, IA, MO, KS)",2,Rural Area,0,No Person Injured/Property Damage Only Crash,1,January,2020,4,Wednesday,18,6:00pm-6:59pm,28,28,12,Motor Vehicle In-Transport,9,Reported as Unknown,3,Dark - Lighted,0,No,2,Rain,4,Wednesday,3,Dark - Lighted,Rain,
202002172685,10,Stratum 10 - Other,2,"Midwest (OH, IN, IL, MI, WI, MN, ND, SD, NE, IA, MO, KS)",2,Rural Area,0,No Person Injured/Property Damage Only Crash,1,January,2020,7,Saturday,16,4:00pm-4:59pm,45,45,12,Motor Vehicle In-Transport,9,Reported as Unknown,1,Daylight,0,No,2,Rain,7,Saturday,1,Daylight,Rain,
202002174173,7,Stratum 7 - M/H Truck or Bus,3,"South (MD, DE, DC, WV, VA, KY, TN, NC, SC, GA, FL, AL, MS, LA, AR, OK, TX)",1,Urban Area,0,No Person Injured/Property Damage Only Crash,1,January,2020,6,Friday,16,4:00pm-4:59pm,22,22,12,Motor Vehicle In-Transport,2,No Alcohol Involved,1,Daylight,0,No,10,Cloudy,6,Friday,1,Daylight,Cloudy,
202002174264,3,Stratum 3 - Motorcycle Any Injury,3,"South (MD, DE, DC, WV, VA, KY, TN, NC, SC, GA, FL, AL, MS, LA, AR, OK, TX)",1,Urban Area,1,1,1,January,2020,1,Sunday,15,3:00pm-3:59pm,16,16,12,Motor Vehicle In-Transport,2,No Alcohol Involved,1,Daylight,0,No,1,Clear,1,Sunday,1,Daylight,Clear,
202002174354,9,Stratum 9 - LMY PV No Injuries in Crash,3,"South (MD, DE, DC, WV, VA, KY, TN, NC, SC, GA, FL, AL, MS, LA, AR, OK, TX)",1,Urban Area,0,No Person Injured/Property Damage Only Crash,1,January,2020,4,Wednesday,19,7:00pm-7:59pm,48,48,12,Motor Vehicle In-Transport,2,No Alcohol Involved,3,Dark - Lighted,0,No,1,Clear,4,Wednesday,3,Dark - Lighted,Clear,
202002174403,10,Stratum 10 - Other,3,"South (MD, DE, DC, WV, VA, KY, TN, NC, SC, GA, FL, AL, MS, LA, AR, OK, TX)",1,Urban Area,0,No Person Injured/Property Damage Only Crash,1,January,2020,7,Saturday,18,6:00pm-6:59pm,49,49,12,Motor Vehicle In-Transport,2,No Alcohol Involved,3,Dark - Lighted,0,No,1,Clear,7,Saturday,3,Dark - Lighted,Clear,
202002174484,2,Stratum 2 - Not a MV Occupant Any Injury,3,"South (MD, DE, DC, WV, VA, KY, TN, NC, SC, GA, FL, AL, MS, LA, AR, OK, TX)",1,Urban Area,1,1,1,January,2020,7,Saturday,17,5:00pm-5:59pm,5,5,15,Non-Motorist on Personal Conveyance,2,No Alcohol Involved,1,Daylight,0,No,1,Clear,7,Saturday,1,Daylight,Clear,
202002174494,6,Stratum 6 - LMY PV Minor Injury,3,"South (MD, DE, DC, WV, VA, KY, TN, NC, SC, GA, FL, AL, MS, LA, AR, OK, TX)",1,Urban Area,1,1,1,January,2020,5,Thursday,16,4:00pm-4:59pm,56,56,12,Motor Vehicle In-Transport,2,No Alcohol Involved,1,Daylight,0,No,1,Clear,5,Thursday,1,Daylight,Clear,
202002174650,6,Stratum 6 - LMY PV Minor Injury,3,"South (MD, DE, DC, WV, VA, KY, TN, NC, SC, GA, FL, AL, MS, LA, AR, OK, TX)",1,Urban Area,1,1,1,January,2020,6,Friday,21,9:00pm-9:59pm,36,36,25,Concrete Traffic Barrier,9,Reported as Unknown,3,Dark - Lighted,0,No,2,Rain,6,Friday,3,Dark - Lighted,Rain,
202002174721,9,Stratum 9 - LMY PV No Injuries in Crash,3,"South (MD, DE, DC, WV, VA, KY, TN, NC, SC, GA, FL, AL, MS, LA, AR, OK, TX)",1,Urban Area,0,No Person Injured/Property Damage Only Crash,1,January,2020,5,Thursday,8,8:00am-8:59am,36,36,12,Motor Vehicle In-Transport,9,Reported as Unknown,1,Daylight,0,No,2,Rain,5,Thursday,1,Daylight,Rain,
202002174822,6,Stratum 6 - LMY PV Minor Injury,3,"South (MD, DE, DC, WV, VA, KY, TN, NC, SC, GA, FL, AL, MS, LA, AR, OK, TX)",1,Urban Area,1,1,1,January,2020,3,Tuesday,16,4:00pm-4:59pm,0,0,12,Motor Vehicle In-Transport,2,No Alcohol Involved,1,Daylight,0,No,1,Clear,3,Tuesday,1,Daylight,Clear,
202002174843,9,Stratum 9 - LMY PV No Injuries in Crash,3,"South (MD, DE, DC, WV, VA, KY, TN, NC, SC, GA, FL, AL, MS, LA, AR, OK, TX)",1,Urban Area,0,No Person Injured/Property Damage Only Crash,1,January,2020,6,Friday,22,10:00pm-10:59pm,28,28,12,Motor Vehicle In-Transport,2,No Alcohol Involved,3,Dark - Lighted,0,No,1,Clear,6,Friday,3,Dark - Lighted,Clear,
202002174941,10,Stratum 10 - Other,3,"South (MD, DE, DC, WV, VA, KY, TN, NC, SC, GA, FL, AL, MS, LA, AR, OK, TX)",1,Urban Area,0,No Person Injured/Property Damage Only Crash,1,January,2020,7,Saturday,3,3:00am-3:59am,42,42,12,Motor Vehicle In-Transport,2,No Alcohol Involved,3,Dark - Lighted,1,Yes,1,Clear,7,Saturday,3,Dark - Lighted,Clear,
202002174995,9,Stratum 9 - LMY PV No Injuries in Crash,3,"South (MD, DE, DC, WV, VA, KY, TN, NC, SC, GA, FL, AL, MS, LA, AR, OK, TX)",1,Urban Area,0,No Person Injured/Property Damage Only Crash,1,January,2020,5,Thursday,17,5:00pm-5:59pm,28,28,12,Motor Vehicle In-Transport,2,No Alcohol Involved,1,Daylight,0,No,1,Clear,5,Thursday,1,Daylight,Clear,
202002175002,5,Stratum 5 - NLMY PV Serious Injury,3,"South (MD, DE, DC, WV, VA, KY, TN, NC, SC, GA, FL, AL, MS, LA, AR, OK, TX)",1,Urban Area,5,5,1,January,2020,6,Friday,18,6:00pm-6:59pm,28,28,12,Motor Vehicle In-Transport,2,No Alcohol Involved,3,Dark - Lighted,0,No,1,Clear,6,Friday,3,Dark - Lighted,Clear,
202002175044,8,Stratum 8 - NLMY PV Minor Injury,3,"South (MD, DE, DC, WV, VA, KY, TN, NC, SC, GA, FL, AL, MS, LA, AR, OK, TX)",1,Urban Area,1,1,1,January,2020,5,Thursday,8,8:00am-8:59am,32,32,12,Motor Vehicle In-Transport,2,No Alcohol Involved,1,Daylight,0,No,1,Clear,5,Thursday,1,Daylight,Clear,
202002175180,7,Stratum 7 - M/H Truck or Bus,3,"South (MD, DE, DC, WV, VA, KY, TN, NC, SC, GA, FL, AL, MS, LA, AR, OK, TX)",1,Urban Area,0,No Person Injured/Property Damage Only Crash,1,January,2020,5,Thursday,8,8:00am-8:59am,50,50,12,Motor Vehicle In-Transport,2,No Alcohol Involved,1,Daylight,0,No,1,Clear,5,Thursday,1,Daylight,Clear,
202002175203,6,Stratum 6 - LMY PV Minor Injury,3,"South (MD, DE, DC, WV, VA, KY, TN, NC, SC, GA, FL, AL, MS, LA, AR, OK, TX)",1,Urban Area,1,1,1,January,2020,3,Tuesday,12,12:00pm-12:59pm,20,20,12,Motor Vehicle In-Transport,2,No Alcohol Involved,1,Daylight,0,No,1,Clear,3,Tuesday,1,Daylight,Clear,
202002175210,9,Stratum 9 - LMY PV No Injuries in Crash,3,"South (MD, DE, DC, WV, VA, KY, TN, NC, SC, GA, FL, AL, MS, LA, AR, OK, TX)",1,Urban Area,0,No Person Injured/Property Damage Only Crash,1,January,2020,4,Wednesday,12,12:00pm-12:59pm,10,10,12,Motor Vehicle In-Transport,2,No Alcohol Involved,1,Daylight,0,No,1,Clear,4,Wednesday,1,Daylight,Clear,
202002175243,3,Stratum 3 - Motorcycle Any Injury,3,"South (MD, DE, DC, WV, VA, KY, TN, NC, SC, GA, FL, AL, MS, LA, AR, OK, TX)",1,Urban Area,1,1,1,January,2020,7,Saturday,20,8:00pm-8:59pm,45,45,12,Motor Vehicle In-Transport,2,No Alcohol Involved,3,Dark - Lighted,0,No,1,Clear,7,Saturday,3,Dark - Lighted,Clear,
202002175292,2,Stratum 2 - Not a MV Occupant Any Injury,2,"Midwest (OH, IN, IL, MI, WI, MN, ND, SD, NE, IA, MO, KS)",2,Rural Area,1,1,1,January,2020,5,Thursday,17,5:00pm-5:59pm,19,19,9,Pedalcyclist,9,Reported as Unknown,2,Dark - Not Lighted,0,No,10,Cloudy,5,Thursday,2,Dark - Not Lighted,Cloudy,
202002175297,2,Stratum 2 - Not a MV Occupant Any Injury,2,"Midwest (OH, IN, IL, MI, WI, MN, ND, SD, NE, IA, MO, KS)",2,Rural Area,1,1,1,January,2020,4,Wednesday,17,5:00pm-5:59pm,29,29,8,Pedestrian,9,Reported as Unknown,6,Dark - Unknown Lighting,0,No,1,Clear,4,Wednesday,6,Dark - Unknown Lighting,Clear,
202002175299,10,Stratum 10 - Other,2,"Midwest (OH, IN, IL, MI, WI, MN, ND, SD, NE, IA, MO, KS)",2,Rural Area,99,All Persons in Crash are Unknown If Injured,1,January,2020,2,Monday,9,9:00am-9:59am,0,0,34,Ditch,9,Reported as Unknown,1,Daylight,0,No,10,Cloudy,2,Monday,1,Daylight,Cloudy,
202002175301,9,Stratum 9 - LMY PV No Injuries in Crash,2,"Midwest (OH, IN, IL, MI, WI, MN, ND, SD, NE, IA, MO, KS)",2,Rural Area,0,No Person Injured/Property Damage Only Crash,1,January,2020,3,Tuesday,18,6:00pm-6:59pm,11,11,12,Motor Vehicle In-Transport,9,Reported as Unknown,2,Dark - Not Lighted,0,No,1,Clear,3,Tuesday,2,Dark - Not Lighted,Clear,
202002175307,10,Stratum 10 - Other,3,"South (MD, DE, DC, WV, VA, KY, TN, NC, SC, GA, FL, AL, MS, LA, AR, OK, TX)",1,Urban Area,0,No Person Injured/Property Damage Only Crash,1,January,2020,2,Monday,11,11:00am-11:59am,30,30,12,Motor Vehicle In-Transport,9,Reported as Unknown,1,Daylight,0,No,1,Clear,2,Monday,1,Daylight,Clear,
202002175314,9,Stratum 9 - LMY PV No Injuries in Crash,3,"South (MD, DE, DC, WV, VA, KY, TN, NC, SC, GA, FL, AL, MS, LA, AR, OK, TX)",1,Urban Area,0,No Person Injured/Property Damage Only Crash,1,January,2020,4,Wednesday,18,6:00pm-6:59pm,45,45,12,Motor Vehicle In-Transport,2,No Alcohol Involved,3,Dark - Lighted,0,No,1,Clear,4,Wednesday,3,Dark - Lighted,Clear,
202002175420,6,Stratum 6 - LMY PV Minor Injury,4,"West (MT, ID, WA, OR, CA, NV, NM, AZ, UT, CO, WY, AK, HI)",1,Urban Area,1,1,1,January,2020,1,Sunday,4,4:00am-4:59am,0,0,52,Guardrail End,1,Alcohol Involved,2,Dark - Not Lighted,1,Yes,1,Clear,1,Sunday,2,Dark - Not Lighted,Clear,
202002175427,2,Stratum 2 - Not a MV Occupant Any Injury,4,"West (MT, ID, WA, OR, CA, NV, NM, AZ, UT, CO, WY, AK, HI)",1,Urban Area,1,1,1,January,2020,3,Tuesday,15,3:00pm-3:59pm,0,0,15,Non-Motorist on Personal Conveyance,2,No Alcohol Involved,1,Daylight,0,No,10,Cloudy,3,Tuesday,1,Daylight,Cloudy,
202002175439,5,Stratum 5 - NLMY PV Serious Injury,4,"West (MT, ID, WA, OR, CA, NV, NM, AZ, UT, CO, WY, AK, HI)",1,Urban Area,4,4,1,January,2020,7,Saturday,13,1:00pm-1:59pm,55,55,12,Motor Vehicle In-Transport,2,No Alcohol Involved,1,Daylight,0,No,1,Clear,7,Saturday,1,Daylight,Clear,
202002175451,7,Stratum 7 - M/H Truck or Bus,4,"West (MT, ID, WA, OR, CA, NV, NM, AZ, UT, CO, WY, AK, HI)",1,Urban Area,0,No Person Injured/Property Damage Only Crash,1,January,2020,6,Friday,9,9:00am-9:59am,20,20,12,Motor Vehicle In-Transport,2,No Alcohol Involved,1,Daylight,1,Yes,1,Clear,6,Friday,1,Daylight,Clear,
202002175461,6,Stratum 6 - LMY PV Minor Injury,4,"West (MT, ID, WA, OR, CA, NV, NM, AZ, UT, CO, WY, AK, HI)",1,Urban Area,1,1,1,January,2020,6,Friday,7,7:00am-7:59am,38,38,12,Motor Vehicle In-Transport,2,No Alcohol Involved,1,Daylight,0,No,1,Clear,6,Friday,1,Daylight,Clear,
202002175514,10,Stratum 10 - Other,4,"West (MT, ID, WA, OR, CA, NV, NM, AZ, UT, CO, WY, AK, HI)",1,Urban Area,0,No Person Injured/Property Damage Only Crash,1,January,2020,1,Sunday,20,8:00pm-8:59pm,15,15,12,Motor Vehicle In-Transport,9,Reported as Unknown,3,Dark - Lighted,0,No,1,Clear,1,Sunday,3,Dark - Lighted,Clear,
202002175585,9,Stratum 9 - LMY PV No Injuries in Crash,4,"West (MT, ID, WA, OR, CA, NV, NM, AZ, UT, CO, WY, AK, HI)",1,Urban Area,0,No Person Injured/Property Damage Only Crash,1,January,2020,6,Friday,16,4:00pm-4:59pm,36,36,12,Motor Vehicle In-Transport,2,No Alcohol Involved,1,Daylight,0,No,1,Clear,6,Friday,1,Daylight,Clear,
202002175595,3,Stratum 3 - Motorcycle Any Injury,4,"West (MT, ID, WA, OR, CA, NV, NM, AZ, UT, CO, WY, AK, HI)",1,Urban Area,1,1,1,January,2020,1,Sunday,14,2:00pm-2:59pm,32,32,1,Rollover/Overturn,2,No Alcohol Involved,1,Daylight,0,No,1,Clear,1,Sunday,1,Daylight,Clear,
202002175604,7,Stratum 7 - M/H Truck or Bus,2,"Midwest (OH, IN, IL, MI, WI, MN, ND, SD, NE, IA, MO, KS)",2,Rural Area,0,No Person Injured/Property Damage Only Crash,1,January,2020,4,Wednesday,10,10:00am-10:59am,26,26,12,Motor Vehicle In-Transport,2,No Alcohol Involved,1,Daylight,0,No,11,Blowing Snow,4,Wednesday,1,Daylight,Blowing Snow,
202002175607,9,Stratum 9 - LMY PV No Injuries in Crash,2,"Midwest (OH, IN, IL, MI, WI, MN, ND, SD, NE, IA, MO, KS)",2,Rural Area,0,No Person Injured/Property Damage Only Crash,1,January,2020,4,Wednesday,17,5:00pm-5:59pm,41,41,12,Motor Vehicle In-Transport,2,No Alcohol Involved,3,Dark - Lighted,0,No,1,Clear,4,Wednesday,3,Dark - Lighted,Clear,
202002175624,7,Stratum 7 - M/H Truck or Bus,4,"West (MT, ID, WA, OR, CA, NV, NM, AZ, UT, CO, WY, AK, HI)",1,Urban Area,0,No Person Injured/Property Damage Only Crash,1,January,2020,1,Sunday,11,11:00am-11:59am,59,59,43,Other Fixed Object,2,No Alcohol Involved,1,Daylight,0,No,10,Cloudy,1,Sunday,1,Daylight,Cloudy,
202002175627,10,Stratum 10 - Other,3,"South (MD, DE, DC, WV, VA, KY, TN, NC, SC, GA, FL, AL, MS, LA, AR, OK, TX)",2,Rural Area,0,No Person Injured/Property Damage Only Crash,1,January,2020,2,Monday,15,3:00pm-3:59pm,22,22,12,Motor Vehicle In-Transport,9,Reported as Unknown,1,Daylight,0,No,10,Cloudy,2,Monday,1,Daylight,Cloudy,
202002175630,5,Stratum 5 - NLMY PV Serious Injury,3,"South (MD, DE, DC, WV, VA, KY, TN, NC, SC, GA, FL, AL, MS, LA, AR, OK, TX)",2,Rural Area,1,1,1,January,2020,6,Friday,17,5:00pm-5:59pm,15,15,12,Motor Vehicle In-Transport,9,Reported as Unknown,1,Daylight,0,No,10,Cloudy,6,Friday,1,Daylight,Cloudy,
202002175637,7,Stratum 7 - M/H Truck or Bus,3,"South (MD, DE, DC, WV, VA, KY, TN, NC, SC, GA, FL, AL, MS, LA, AR, OK, TX)",2,Rural Area,0,No Person Injured/Property Damage Only Crash,1,January,2020,1,Sunday,13,1:00pm-1:59pm,12,12,12,Motor Vehicle In-Transport,9,Reported as Unknown,1,Daylight,0,No,1,Clear,1,Sunday,1,Daylight,Clear,
202002175642,5,Stratum 5 - NLMY PV Serious Injury,3,"South (MD, DE, DC, WV, VA, KY, TN, NC, SC, GA, FL, AL, MS, LA, AR, OK, TX)",2,Rural Area,1,1,1,January,2020,7,Saturday,21,9:00pm-9:59pm,56,56,42,Tree (Standing Only),9,Reported as Unknown,2,Dark - Not Lighted,0,No,10,Cloudy,7,Saturday,2,Dark - Not Lighted,Cloudy,